{
  "assetsByChunkName": {
    "vendors~app-account~app-checkout~app-confirmation~app-order": "chunk.161e13e15fcf1c5e4491.js",
    "vendors~app-account~app-confirmation~app-order": "chunk.cd43a0f8f321eab13814.js",
    "vendors~app-account~app-checkout": "chunk.a6efc45bb93a7160b552.js",
    "admin": [
      "admin.8d0522d4da943c82395a.js",
      "admin.8d0522d4da943c82395a.js.map"
    ],
    "app-account": "chunk.9536d7072eb91528fb9e.js",
    "app-confirmation": "chunk.9f374104f75c0d75ee25.js",
    "app-order": "chunk.87e01df2a08ae89a0b07.js",
    "checkout": [
      "checkout.149a23092cddd3e1e7a1.js",
      "checkout.149a23092cddd3e1e7a1.js.map"
    ],
    "storefront": [
      "storefront.740af0642bc6fa163dbb.css",
      "storefront.527d6612e3e01872e6d2.js",
      "storefront.740af0642bc6fa163dbb.css.map",
      "storefront.527d6612e3e01872e6d2.js.map"
    ],
    "vendors~app-cart": "chunk.4736630ec7f91afe7653.js",
    "vendors~app-checkout": "chunk.edc5f1c377180fa15c6e.js"
  }
}